id_penyumbang,makanan_disumbangkan,jumlah_disumbangkan,lokasi_lat_penyumbang,lokasi_lon_penyumbang,kondisi_makanan,is_halal_donor,is_for_child_donor,is_for_elderly_donor,is_alergan
D1,minuman,49,-5.375458725672033,105.26850309363219,layak_konsumsi,False,False,False,False
D2,minuman,20,-5.392195071122847,105.28301294423419,tidak_layak_konsumsi,False,False,False,True
D3,makanan_minuman,49,-5.367907170105981,105.24314024278722,layak_konsumsi,True,False,True,True
D4,minuman,22,-5.374278720954515,105.23906713417115,layak_konsumsi,False,False,False,True
D5,makanan_minuman,31,-5.368461795376235,105.27729406923277,tidak_layak_konsumsi,False,False,False,True
D6,makanan_minuman,36,-5.399304062062837,105.28419725939331,layak_konsumsi,True,True,False,True
D7,makanan_minuman,41,-5.368644498504477,105.27422425290061,hampir_kadaluarsa,True,False,True,False
D8,makanan,45,-5.394493314427906,105.23365315888212,layak_konsumsi,True,True,False,False
D9,makanan_minuman,32,-5.400488397851252,105.28511823176335,tidak_layak_konsumsi,False,False,False,True
D10,makanan,30,-5.4019065223989235,105.24200618727913,hampir_kadaluarsa,True,True,False,False
D11,minuman,29,-5.375945005067112,105.2681719578539,hampir_kadaluarsa,True,False,False,False
D12,minuman,44,-5.368081034970062,105.24436527045353,hampir_kadaluarsa,True,False,True,False
D13,minuman,38,-5.3671952287559295,105.2268213032251,tidak_layak_konsumsi,False,False,False,True
D14,makanan,38,-5.396361553358911,105.2867751193047,hampir_kadaluarsa,False,False,True,False
D15,minuman,31,-5.372681152759529,105.2377736105487,hampir_kadaluarsa,True,False,False,False
D16,minuman,48,-5.371550379561858,105.2533363916012,layak_konsumsi,True,False,True,True
D17,makanan_minuman,27,-5.373521265677614,105.25860793453145,tidak_layak_konsumsi,False,False,False,True
D18,minuman,2,-5.404963660255629,105.25297978795408,layak_konsumsi,False,False,False,True
D19,makanan_minuman,8,-5.366448102070872,105.27043293078418,layak_konsumsi,True,False,True,True
D20,makanan_minuman,24,-5.366439212271879,105.26567053154139,layak_konsumsi,False,False,True,True
D21,makanan_minuman,2,-5.402641996341757,105.28536801660222,tidak_layak_konsumsi,False,False,False,True
D22,makanan,13,-5.38253285761751,105.24324264819572,tidak_layak_konsumsi,False,False,False,True
D23,makanan,6,-5.392589044480594,105.23627515413317,tidak_layak_konsumsi,False,False,False,True
D24,makanan_minuman,1,-5.386539746628098,105.24593280791373,tidak_layak_konsumsi,False,False,False,True
D25,makanan,29,-5.398472283493076,105.27058368038927,hampir_kadaluarsa,True,True,True,False
D26,makanan,38,-5.372529593917402,105.24715594651877,tidak_layak_konsumsi,False,False,False,True
D27,makanan,48,-5.402006397838162,105.26940341044978,layak_konsumsi,True,True,False,False
D28,makanan,31,-5.4003141044544964,105.27864615289516,hampir_kadaluarsa,False,True,True,True
D29,minuman,43,-5.37338436932389,105.27336143927027,tidak_layak_konsumsi,False,False,False,True
D30,makanan,43,-5.365610340312794,105.27064007727856,tidak_layak_konsumsi,False,False,False,True
D31,minuman,18,-5.399642869715452,105.24377653220256,tidak_layak_konsumsi,False,False,False,True
D32,makanan_minuman,26,-5.379161596829507,105.28600349276765,tidak_layak_konsumsi,False,False,False,True
D33,makanan,21,-5.371932207607744,105.28963654427001,layak_konsumsi,False,True,True,False
D34,minuman,37,-5.372895042095431,105.24883126115961,hampir_kadaluarsa,True,False,True,False
D35,makanan,11,-5.399559567365698,105.2328164172755,layak_konsumsi,False,False,False,True
D36,makanan_minuman,9,-5.390290252311035,105.2288073125179,tidak_layak_konsumsi,False,False,False,True
D37,makanan_minuman,2,-5.375240231206817,105.2631748551854,layak_konsumsi,True,True,True,False
D38,makanan,29,-5.401840623718313,105.280121109922,layak_konsumsi,False,False,False,False
D39,makanan,50,-5.365670319757316,105.28692608136119,hampir_kadaluarsa,False,False,True,False
D40,makanan_minuman,36,-5.380675949906859,105.23714609951817,layak_konsumsi,False,False,False,True
D41,minuman,41,-5.40503246046865,105.2686565103904,tidak_layak_konsumsi,False,False,False,True
D42,minuman,45,-5.3674897579195475,105.2430614525773,hampir_kadaluarsa,False,True,True,True
D43,minuman,3,-5.405364395131765,105.25369922691503,tidak_layak_konsumsi,False,False,False,True
D44,makanan,15,-5.40099834906936,105.2360540691284,hampir_kadaluarsa,True,True,False,False
D45,minuman,17,-5.370110282349098,105.23914999917083,tidak_layak_konsumsi,False,False,False,True
D46,minuman,29,-5.3949802247148595,105.27893722973253,tidak_layak_konsumsi,False,False,False,True
D47,makanan,37,-5.3667371136427535,105.26632188615585,tidak_layak_konsumsi,False,False,False,True
D48,minuman,12,-5.393160229959082,105.23510869643391,tidak_layak_konsumsi,False,False,False,True
D49,minuman,38,-5.395148074689534,105.22559968920862,tidak_layak_konsumsi,False,False,False,True
D50,makanan_minuman,44,-5.3789345060565,105.2728337015332,layak_konsumsi,True,False,False,False
D51,makanan,40,-5.387656168584185,105.24091440353496,layak_konsumsi,False,False,True,False
D52,minuman,44,-5.370074864649103,105.25023244085638,layak_konsumsi,False,True,True,True
D53,makanan_minuman,49,-5.3872203688261875,105.28686832116693,hampir_kadaluarsa,False,False,False,True
D54,minuman,1,-5.3805818422890885,105.28694975533189,hampir_kadaluarsa,False,False,False,True
D55,minuman,16,-5.390763377737686,105.27844588759807,tidak_layak_konsumsi,False,False,False,True
D56,makanan_minuman,3,-5.404866751128406,105.28036994741488,tidak_layak_konsumsi,False,False,False,True
D57,minuman,45,-5.384405598748286,105.28591570951897,hampir_kadaluarsa,True,False,True,True
D58,minuman,19,-5.37516496550778,105.2648679710112,layak_konsumsi,True,True,True,True
D59,makanan,4,-5.369212690341435,105.25559236931134,tidak_layak_konsumsi,False,False,False,True
D60,minuman,48,-5.401106139717987,105.24610995186303,layak_konsumsi,False,True,False,True
D61,makanan_minuman,14,-5.377167951186834,105.23301810980564,tidak_layak_konsumsi,False,False,False,True
D62,makanan_minuman,27,-5.374010548487088,105.24062584852595,hampir_kadaluarsa,False,False,False,True
D63,makanan,44,-5.375496614056898,105.28392410837588,layak_konsumsi,True,True,True,True
D64,makanan_minuman,22,-5.383757323550984,105.2865209813971,layak_konsumsi,True,False,True,False
D65,makanan_minuman,33,-5.405720019788621,105.28380593594754,tidak_layak_konsumsi,False,False,False,True
D66,makanan,8,-5.393319682452613,105.28245787902532,tidak_layak_konsumsi,False,False,False,True
D67,makanan,45,-5.3769201815485514,105.24874049168788,hampir_kadaluarsa,True,True,True,True
D68,makanan,11,-5.3657341882740335,105.26520179058544,layak_konsumsi,True,False,False,True
D69,makanan_minuman,42,-5.37250611004028,105.28659434151511,hampir_kadaluarsa,True,True,True,False
D70,makanan,32,-5.402596605615896,105.22726395947491,hampir_kadaluarsa,True,True,False,False
D71,makanan_minuman,12,-5.375908244415897,105.25964987786146,layak_konsumsi,True,False,True,False
D72,minuman,10,-5.369051798215538,105.27696394898906,tidak_layak_konsumsi,False,False,False,True
D73,minuman,41,-5.366917573876816,105.23007589520925,hampir_kadaluarsa,True,False,False,False
D74,makanan_minuman,8,-5.401606482076173,105.2504316549152,tidak_layak_konsumsi,False,False,False,True
D75,makanan_minuman,4,-5.402491410985956,105.22615968290292,layak_konsumsi,True,False,True,True
D76,makanan,15,-5.398354728268247,105.2378422859981,hampir_kadaluarsa,False,True,True,False
D77,makanan_minuman,31,-5.369144910455197,105.24265297268808,tidak_layak_konsumsi,False,False,False,True
D78,minuman,40,-5.393442413078867,105.25207245781772,tidak_layak_konsumsi,False,False,False,True
D79,makanan_minuman,28,-5.376267330464421,105.2436619532372,tidak_layak_konsumsi,False,False,False,True
D80,makanan,27,-5.4023813007755965,105.26135024004043,hampir_kadaluarsa,False,False,True,False
D81,minuman,37,-5.399147457941504,105.28394548101285,hampir_kadaluarsa,True,False,False,False
D82,minuman,16,-5.370521399622029,105.27338751106925,hampir_kadaluarsa,False,False,False,False
D83,makanan_minuman,19,-5.396789473961145,105.28930125350442,tidak_layak_konsumsi,False,False,False,True
D84,minuman,31,-5.368793462064223,105.27803037094512,hampir_kadaluarsa,False,True,True,False
D85,makanan,16,-5.365515047331394,105.24256911002352,layak_konsumsi,True,False,False,True
D86,makanan_minuman,7,-5.396631434714107,105.24296645989794,layak_konsumsi,True,True,False,True
D87,makanan_minuman,41,-5.376589364649367,105.28441632627636,tidak_layak_konsumsi,False,False,False,True
D88,makanan_minuman,43,-5.398668466380232,105.25575375496436,tidak_layak_konsumsi,False,False,False,True
D89,makanan_minuman,41,-5.3783549329163,105.2879763811796,tidak_layak_konsumsi,False,False,False,True
D90,makanan_minuman,26,-5.386456961485227,105.23135108877065,hampir_kadaluarsa,True,False,False,False
D91,makanan,14,-5.378731679152083,105.22982438620048,tidak_layak_konsumsi,False,False,False,True
D92,makanan_minuman,11,-5.3931937461755135,105.24932037050583,tidak_layak_konsumsi,False,False,False,True
D93,minuman,20,-5.380393239986445,105.25467029018897,tidak_layak_konsumsi,False,False,False,True
D94,minuman,9,-5.383331672174519,105.28135412551997,hampir_kadaluarsa,True,False,False,False
D95,makanan_minuman,27,-5.368358081903464,105.26225118944984,hampir_kadaluarsa,False,True,True,False
D96,minuman,45,-5.397580671967234,105.24927325544884,layak_konsumsi,True,True,False,False
D97,makanan_minuman,38,-5.388082514564958,105.26567832505295,hampir_kadaluarsa,False,True,True,True
D98,minuman,21,-5.379828420692556,105.25195899542962,layak_konsumsi,True,True,False,True
D99,makanan,8,-5.3877438695136775,105.27261276165655,tidak_layak_konsumsi,False,False,False,True
D100,makanan_minuman,15,-5.375009499038534,105.23855670691759,hampir_kadaluarsa,True,True,False,False
D101,makanan_minuman,1,-5.389085424595406,105.27601158995412,tidak_layak_konsumsi,False,False,False,True
D102,minuman,30,-5.401739581366442,105.25878508818786,tidak_layak_konsumsi,False,False,False,True
D103,makanan,11,-5.387151141983783,105.28428850771246,layak_konsumsi,False,True,False,True
D104,minuman,21,-5.402727931464227,105.23682032371326,hampir_kadaluarsa,False,True,True,False
D105,makanan_minuman,46,-5.383621885127417,105.27714070208317,hampir_kadaluarsa,False,False,False,False
D106,minuman,1,-5.405531743467768,105.28704262350462,layak_konsumsi,True,True,False,False
D107,makanan_minuman,13,-5.378094739045609,105.22799064796241,tidak_layak_konsumsi,False,False,False,True
D108,minuman,38,-5.367347933209215,105.23562492724892,layak_konsumsi,False,False,True,True
D109,makanan_minuman,20,-5.4009220896387005,105.2674403349432,tidak_layak_konsumsi,False,False,False,True
D110,minuman,41,-5.366795817627971,105.26891227512351,layak_konsumsi,False,True,False,False
D111,makanan,4,-5.3695157676792595,105.26457212951146,tidak_layak_konsumsi,False,False,False,True
D112,minuman,24,-5.401096598461987,105.26149041933705,layak_konsumsi,False,False,False,False
D113,minuman,38,-5.402103946028333,105.239616752107,hampir_kadaluarsa,True,False,False,False
D114,minuman,33,-5.389088796861405,105.23107557825652,hampir_kadaluarsa,True,True,False,False
D115,makanan,32,-5.367938877834798,105.26226705777167,tidak_layak_konsumsi,False,False,False,True
D116,minuman,10,-5.374265711259194,105.25460679930653,tidak_layak_konsumsi,False,False,False,True
D117,makanan,39,-5.397833515415627,105.25973479580246,tidak_layak_konsumsi,False,False,False,True
D118,makanan_minuman,1,-5.396872287981581,105.27805309149159,layak_konsumsi,False,True,True,True
D119,makanan_minuman,17,-5.376130522292782,105.22982174509185,layak_konsumsi,False,False,False,False
D120,makanan_minuman,1,-5.394260445974349,105.2441461210069,tidak_layak_konsumsi,False,False,False,True
D121,makanan_minuman,41,-5.403234603967799,105.28212579149037,layak_konsumsi,True,True,True,False
D122,makanan_minuman,37,-5.380670899107995,105.24957379443273,hampir_kadaluarsa,True,True,True,True
D123,makanan_minuman,29,-5.392063382529629,105.23466826310867,layak_konsumsi,True,False,True,True
D124,makanan,35,-5.397123234594428,105.27299183018498,hampir_kadaluarsa,False,True,True,True
D125,makanan,25,-5.370495064964979,105.2500258801684,layak_konsumsi,True,True,True,False
D126,minuman,9,-5.387484327149272,105.2766675192909,tidak_layak_konsumsi,False,False,False,True
D127,makanan,31,-5.387875552910471,105.25614298759982,tidak_layak_konsumsi,False,False,False,True
D128,makanan,22,-5.367057957160108,105.28141294883099,tidak_layak_konsumsi,False,False,False,True
D129,makanan,37,-5.370184911951926,105.27705498825163,tidak_layak_konsumsi,False,False,False,True
D130,makanan_minuman,4,-5.386823888798955,105.23914669477307,hampir_kadaluarsa,False,True,False,False
D131,makanan_minuman,21,-5.365485823776921,105.23234209451094,layak_konsumsi,False,False,False,True
D132,makanan,23,-5.374378948455862,105.24032235207989,hampir_kadaluarsa,True,True,False,True
D133,makanan,14,-5.37655697191565,105.26150483841226,layak_konsumsi,False,False,False,True
D134,makanan_minuman,18,-5.39636252447614,105.232644353295,tidak_layak_konsumsi,False,False,False,True
D135,makanan_minuman,43,-5.39242805869543,105.26161206875528,layak_konsumsi,False,True,True,False
D136,makanan_minuman,44,-5.365481885768479,105.2316099756946,layak_konsumsi,False,False,True,False
D137,makanan_minuman,33,-5.381734589501752,105.28565709073102,tidak_layak_konsumsi,False,False,False,True
D138,makanan_minuman,49,-5.37947368411463,105.2653242414384,layak_konsumsi,True,False,True,True
D139,minuman,14,-5.370169348654577,105.26394875208834,tidak_layak_konsumsi,False,False,False,True
D140,makanan,20,-5.366657261263013,105.22627445011543,tidak_layak_konsumsi,False,False,False,True
D141,makanan,5,-5.3926853053001444,105.25515041077398,hampir_kadaluarsa,False,True,False,True
D142,makanan,19,-5.396092559788735,105.23135734845384,hampir_kadaluarsa,False,True,True,False
D143,minuman,45,-5.368876445222124,105.26684749677855,tidak_layak_konsumsi,False,False,False,True
D144,minuman,48,-5.400282625473006,105.28500696792274,layak_konsumsi,False,False,True,False
D145,makanan,18,-5.3828661249868786,105.25960119361325,hampir_kadaluarsa,False,False,True,True
D146,makanan_minuman,18,-5.387022674110145,105.26632962035694,hampir_kadaluarsa,True,False,True,True
D147,makanan_minuman,11,-5.399074036873091,105.24298117106154,layak_konsumsi,False,False,True,True
D148,makanan_minuman,2,-5.395861694720518,105.25581934563827,hampir_kadaluarsa,False,False,True,True
D149,minuman,22,-5.3747779074275055,105.22605417617535,tidak_layak_konsumsi,False,False,False,True
D150,makanan,37,-5.3860356001092375,105.25935382623928,hampir_kadaluarsa,True,False,False,True
D151,minuman,20,-5.396382526432099,105.28054815790595,hampir_kadaluarsa,False,False,False,True
D152,minuman,30,-5.379047687576818,105.25959941263474,layak_konsumsi,True,False,False,False
D153,minuman,8,-5.390534442541294,105.23185967147214,tidak_layak_konsumsi,False,False,False,True
D154,makanan_minuman,45,-5.39756794063838,105.23391856084277,layak_konsumsi,False,True,True,False
D155,makanan_minuman,22,-5.371583308750155,105.26673092805237,hampir_kadaluarsa,False,False,True,False
D156,minuman,10,-5.397878709761116,105.23713319009556,layak_konsumsi,False,False,False,False
D157,minuman,14,-5.395562485193004,105.24748316871039,layak_konsumsi,False,False,False,True
D158,makanan_minuman,11,-5.375551246663583,105.23297367379742,hampir_kadaluarsa,True,False,False,False
D159,makanan_minuman,46,-5.390880935427236,105.2679070408011,tidak_layak_konsumsi,False,False,False,True
D160,makanan,14,-5.370493697109466,105.25140659158896,hampir_kadaluarsa,True,False,True,True
D161,minuman,39,-5.383324326183971,105.23709129797066,tidak_layak_konsumsi,False,False,False,True
D162,makanan_minuman,15,-5.4011706067615,105.25597082819078,layak_konsumsi,False,False,True,False
D163,makanan,38,-5.405177463565244,105.28010166947061,tidak_layak_konsumsi,False,False,False,True
D164,makanan,49,-5.383288212239188,105.28503360097498,layak_konsumsi,False,False,False,True
D165,minuman,33,-5.381085708718121,105.2509511198855,tidak_layak_konsumsi,False,False,False,True
D166,makanan,18,-5.381556246683485,105.2481323527075,hampir_kadaluarsa,False,True,False,False
D167,minuman,21,-5.4043083857591006,105.2433349536815,layak_konsumsi,True,True,False,True
D168,makanan_minuman,4,-5.382386812835137,105.28992428878823,layak_konsumsi,False,False,True,True
D169,makanan_minuman,17,-5.365664990485202,105.25966060525151,layak_konsumsi,False,False,True,True
D170,makanan_minuman,17,-5.391210629451661,105.24889808025067,layak_konsumsi,False,True,False,False
D171,makanan,39,-5.378160876455186,105.26661752280779,hampir_kadaluarsa,True,False,False,True
D172,makanan_minuman,5,-5.367255467890686,105.2299362665605,layak_konsumsi,True,False,False,True
D173,minuman,46,-5.382566243844558,105.27498194725037,hampir_kadaluarsa,True,True,False,True
D174,makanan,27,-5.376168285831652,105.23330279843724,tidak_layak_konsumsi,False,False,False,True
D175,makanan,5,-5.367457167115352,105.28068188825816,hampir_kadaluarsa,False,True,True,True
D176,makanan,50,-5.376668246687034,105.2396589077637,layak_konsumsi,False,False,False,True
D177,minuman,44,-5.377433884766224,105.28529920842905,layak_konsumsi,False,False,True,False
D178,makanan,42,-5.385732419830369,105.27180603029225,tidak_layak_konsumsi,False,False,False,True
D179,minuman,25,-5.3986350456409875,105.25585020929441,hampir_kadaluarsa,False,True,True,False
D180,makanan,16,-5.405207447945684,105.26631314988929,hampir_kadaluarsa,False,False,False,True
D181,makanan_minuman,27,-5.378199161538173,105.24500970321019,hampir_kadaluarsa,True,True,True,False
D182,makanan_minuman,16,-5.372745654397556,105.23887126910789,hampir_kadaluarsa,False,True,False,False
D183,makanan,7,-5.366361448145808,105.2593057909185,tidak_layak_konsumsi,False,False,False,True
D184,makanan,30,-5.404574334791054,105.27435908173204,layak_konsumsi,True,False,False,True
D185,minuman,35,-5.393650616574365,105.28270134357963,hampir_kadaluarsa,False,False,True,False
D186,makanan,40,-5.375723918284779,105.24213776057708,layak_konsumsi,False,True,True,True
D187,minuman,11,-5.402096158595982,105.27878404674726,tidak_layak_konsumsi,False,False,False,True
D188,makanan,17,-5.365585166495141,105.27466117496513,tidak_layak_konsumsi,False,False,False,True
D189,minuman,7,-5.37418764363596,105.23396974586258,tidak_layak_konsumsi,False,False,False,True
D190,minuman,21,-5.36805342615189,105.25019582170964,tidak_layak_konsumsi,False,False,False,True
D191,makanan_minuman,39,-5.397530159984921,105.24715427699442,hampir_kadaluarsa,True,False,False,True
D192,makanan,47,-5.384343757524188,105.27362403601411,hampir_kadaluarsa,False,True,False,True
D193,makanan,12,-5.371695052768259,105.25341677932616,tidak_layak_konsumsi,False,False,False,True
D194,minuman,25,-5.3831753192862974,105.22836722857342,layak_konsumsi,False,False,True,False
D195,makanan_minuman,46,-5.37770078676679,105.25934413449322,hampir_kadaluarsa,False,False,False,True
D196,makanan,35,-5.399639905595513,105.2707895487655,tidak_layak_konsumsi,False,False,False,True
D197,makanan,26,-5.391784609059828,105.24887732103149,layak_konsumsi,True,False,True,True
D198,minuman,40,-5.403882310006599,105.23232570146558,hampir_kadaluarsa,False,True,True,False
D199,minuman,2,-5.38319572145897,105.25130980093806,hampir_kadaluarsa,False,False,True,True
D200,makanan_minuman,49,-5.37749851552067,105.2678355650298,hampir_kadaluarsa,False,True,False,False
D201,makanan_minuman,48,-5.390287861513814,105.28257403557829,hampir_kadaluarsa,True,False,False,True
D202,minuman,8,-5.370398854834491,105.27875936816882,hampir_kadaluarsa,False,True,False,False
D203,makanan,20,-5.370604551699636,105.28323102782215,layak_konsumsi,True,False,True,False
D204,makanan_minuman,43,-5.396486061100169,105.25548760802062,tidak_layak_konsumsi,False,False,False,True
D205,minuman,34,-5.393003265531189,105.26319899194965,layak_konsumsi,True,False,True,False
D206,minuman,9,-5.3896470925953786,105.2358633488921,layak_konsumsi,False,True,False,True
D207,makanan_minuman,27,-5.400073931467293,105.2855419751068,hampir_kadaluarsa,False,True,False,False
D208,makanan_minuman,20,-5.401646024230523,105.28708864861909,tidak_layak_konsumsi,False,False,False,True
D209,makanan_minuman,16,-5.400627089151702,105.25576973848771,layak_konsumsi,False,True,False,True
D210,minuman,29,-5.401081563702378,105.28798581388904,layak_konsumsi,True,True,False,False
D211,minuman,26,-5.3940627072236245,105.27142035629076,tidak_layak_konsumsi,False,False,False,True
D212,minuman,22,-5.3814429525331064,105.27566751345557,tidak_layak_konsumsi,False,False,False,True
D213,minuman,42,-5.368535525726046,105.24504082564519,hampir_kadaluarsa,False,True,False,True
D214,makanan,10,-5.3692864176281665,105.23347739875051,layak_konsumsi,True,True,False,True
D215,makanan_minuman,13,-5.403527238917439,105.26385674658262,layak_konsumsi,True,True,False,True
D216,makanan,48,-5.3996353308928615,105.23035024610718,layak_konsumsi,False,True,False,True
D217,makanan_minuman,28,-5.384439052062187,105.2503784849675,hampir_kadaluarsa,False,False,True,False
D218,minuman,20,-5.396865213576078,105.23863936455014,layak_konsumsi,False,False,True,False
D219,minuman,32,-5.393976556848231,105.28564690176863,layak_konsumsi,True,False,False,True
D220,makanan,38,-5.391659487698164,105.22779369409953,tidak_layak_konsumsi,False,False,False,True
D221,minuman,33,-5.398209381793388,105.27915900246789,layak_konsumsi,False,True,True,True
D222,minuman,22,-5.387135586722628,105.28229434701647,hampir_kadaluarsa,False,True,False,True
D223,minuman,18,-5.405558080024018,105.2685188629086,tidak_layak_konsumsi,False,False,False,True
D224,makanan_minuman,15,-5.402058431683531,105.24277426687858,tidak_layak_konsumsi,False,False,False,True
D225,minuman,39,-5.392758742375179,105.23907763578885,hampir_kadaluarsa,True,True,True,True
D226,makanan_minuman,28,-5.381647039997929,105.23540559132121,tidak_layak_konsumsi,False,False,False,True
D227,makanan,30,-5.388587960809829,105.25533872509016,hampir_kadaluarsa,True,True,False,True
D228,minuman,49,-5.368284867860069,105.2416632195795,tidak_layak_konsumsi,False,False,False,True
D229,makanan,43,-5.38776347902164,105.26764505941885,layak_konsumsi,False,False,False,False
D230,makanan_minuman,24,-5.403954071743594,105.2661070336692,hampir_kadaluarsa,False,False,False,False
D231,minuman,40,-5.393901303455589,105.27980744026705,tidak_layak_konsumsi,False,False,False,True
D232,makanan_minuman,36,-5.375170576478158,105.23143410690949,layak_konsumsi,False,True,True,True
D233,minuman,27,-5.373523358328807,105.27825619070815,layak_konsumsi,True,False,False,True
D234,makanan_minuman,32,-5.3958153036202,105.24890444897949,hampir_kadaluarsa,True,True,False,False
D235,minuman,4,-5.371593784033805,105.2734148814211,layak_konsumsi,True,False,False,True
D236,minuman,39,-5.404061063891257,105.2380690756938,hampir_kadaluarsa,True,True,True,False
D237,makanan,50,-5.377126565602892,105.23939453094755,hampir_kadaluarsa,False,False,False,False
D238,minuman,46,-5.374651278187991,105.22887077830143,tidak_layak_konsumsi,False,False,False,True
D239,minuman,23,-5.369978457229987,105.25046014086293,hampir_kadaluarsa,False,True,False,False
D240,makanan,13,-5.369593638895882,105.24581138529197,hampir_kadaluarsa,False,True,True,True
D241,makanan_minuman,3,-5.386601398821563,105.26797789291193,hampir_kadaluarsa,False,False,True,False
D242,makanan_minuman,39,-5.37674578712841,105.23951793436309,layak_konsumsi,True,True,False,False
D243,minuman,10,-5.405145296895218,105.24806901212078,hampir_kadaluarsa,True,False,True,False
D244,makanan_minuman,32,-5.375953110953378,105.24233076316254,layak_konsumsi,True,False,False,True
D245,makanan,12,-5.379778970455434,105.2557745750303,hampir_kadaluarsa,False,True,False,False
D246,minuman,10,-5.369874709774865,105.26937140562248,layak_konsumsi,False,False,False,False
D247,minuman,39,-5.395211411028841,105.23085786615744,layak_konsumsi,False,True,False,True
D248,makanan,40,-5.373008447598874,105.28717128540416,hampir_kadaluarsa,True,False,False,True
D249,makanan,19,-5.391484026943379,105.22841199741713,tidak_layak_konsumsi,False,False,False,True
D250,makanan,25,-5.365949164438614,105.28401566968236,hampir_kadaluarsa,False,True,True,False
D251,makanan_minuman,32,-5.397282546401171,105.24009733155914,hampir_kadaluarsa,False,True,True,True
D252,minuman,39,-5.397313653345714,105.27501713642312,tidak_layak_konsumsi,False,False,False,True
D253,makanan,31,-5.396231120113478,105.2781515816329,layak_konsumsi,True,False,False,True
D254,makanan_minuman,7,-5.376387326718843,105.24449864750687,hampir_kadaluarsa,False,True,True,True
D255,minuman,35,-5.3694370327574585,105.22850361601245,layak_konsumsi,True,False,False,True
D256,makanan_minuman,28,-5.3886253343075685,105.23915918222414,layak_konsumsi,False,True,True,False
D257,makanan_minuman,4,-5.3799223875999544,105.24290838084856,layak_konsumsi,True,False,True,True
D258,makanan,37,-5.387948856360849,105.28621340303847,tidak_layak_konsumsi,False,False,False,True
D259,makanan_minuman,3,-5.365567014379104,105.25276532291792,hampir_kadaluarsa,False,False,False,False
D260,minuman,27,-5.399207569476151,105.23969038583981,tidak_layak_konsumsi,False,False,False,True
D261,minuman,27,-5.387265294850813,105.2598793140152,hampir_kadaluarsa,False,False,True,True
D262,makanan,41,-5.372927133266747,105.27923858101192,hampir_kadaluarsa,True,True,True,True
D263,minuman,13,-5.386633427568914,105.28504584563372,hampir_kadaluarsa,True,False,True,True
D264,makanan,21,-5.394651197398217,105.2552143348719,hampir_kadaluarsa,True,True,False,False
D265,makanan,25,-5.385860032896993,105.24441033895947,tidak_layak_konsumsi,False,False,False,True
D266,makanan_minuman,30,-5.372860252631886,105.24564797872658,layak_konsumsi,False,True,False,True
D267,minuman,18,-5.380112819543053,105.24229143111174,layak_konsumsi,True,False,True,False
D268,minuman,21,-5.399585566111775,105.2303826968825,layak_konsumsi,True,False,False,False
D269,makanan_minuman,28,-5.390235126010497,105.24346987129861,hampir_kadaluarsa,True,True,False,False
D270,makanan,33,-5.398306021498133,105.24123493114756,layak_konsumsi,False,False,True,False
D271,makanan,41,-5.3864892086474985,105.26132315807071,tidak_layak_konsumsi,False,False,False,True
D272,makanan,7,-5.379872196250968,105.28227103324147,hampir_kadaluarsa,True,True,False,False
D273,makanan,50,-5.395953751538027,105.23290679992346,hampir_kadaluarsa,False,True,False,True
D274,makanan,15,-5.392513257936731,105.27468929653647,layak_konsumsi,True,False,True,True
D275,makanan_minuman,20,-5.387660614034268,105.27586910552608,tidak_layak_konsumsi,False,False,False,True
D276,makanan,10,-5.374052672877991,105.22976701377331,tidak_layak_konsumsi,False,False,False,True
D277,minuman,43,-5.368830948591663,105.23646499320876,layak_konsumsi,False,True,True,False
D278,minuman,27,-5.387745845304383,105.28838775306762,layak_konsumsi,False,True,False,False
D279,makanan_minuman,12,-5.378101333661104,105.22870812685738,tidak_layak_konsumsi,False,False,False,True
D280,makanan_minuman,49,-5.405690022062794,105.26390734059795,tidak_layak_konsumsi,False,False,False,True
D281,minuman,42,-5.402998652758117,105.23252221737897,hampir_kadaluarsa,True,True,True,False
D282,makanan_minuman,27,-5.375764230817531,105.26470861371978,hampir_kadaluarsa,False,True,False,True
D283,makanan_minuman,17,-5.383983839551849,105.26155277552563,layak_konsumsi,True,True,False,True
D284,makanan,19,-5.40231482691079,105.27934235726629,layak_konsumsi,False,False,True,False
D285,makanan,36,-5.390343606307579,105.23876454712101,tidak_layak_konsumsi,False,False,False,True
D286,makanan,10,-5.3872242070746195,105.24696316642601,hampir_kadaluarsa,False,True,False,False
D287,minuman,26,-5.391491830985098,105.26643220312948,layak_konsumsi,True,False,False,True
D288,minuman,45,-5.366061220518202,105.24694111458396,layak_konsumsi,False,True,True,True
D289,minuman,20,-5.3691837331339505,105.2748780196837,hampir_kadaluarsa,True,True,True,True
D290,makanan,40,-5.400018296942967,105.23620605539897,hampir_kadaluarsa,False,True,True,False
D291,minuman,20,-5.383126151831476,105.24149620724651,layak_konsumsi,False,True,True,False
D292,minuman,16,-5.3917741531696795,105.22579330922503,hampir_kadaluarsa,True,False,False,True
D293,minuman,6,-5.373995738062374,105.25049745517649,hampir_kadaluarsa,True,False,False,True
D294,makanan,5,-5.381190793781077,105.2850342867487,hampir_kadaluarsa,True,False,True,False
D295,minuman,26,-5.393370223863502,105.26687252285642,tidak_layak_konsumsi,False,False,False,True
D296,makanan,38,-5.391398883218903,105.25985010469579,layak_konsumsi,True,True,True,False
D297,minuman,12,-5.403127145587427,105.27749525342276,hampir_kadaluarsa,False,False,True,False
D298,makanan_minuman,27,-5.37865699897392,105.28969412487818,layak_konsumsi,False,True,False,False
D299,minuman,37,-5.379120190015969,105.24904023322027,tidak_layak_konsumsi,False,False,False,True
D300,makanan_minuman,47,-5.377426176784762,105.27807609219005,layak_konsumsi,False,False,False,True
D301,minuman,1,-5.402832647749111,105.24456899726306,layak_konsumsi,True,True,False,True
D302,makanan_minuman,22,-5.392270377011038,105.28984286275659,tidak_layak_konsumsi,False,False,False,True
D303,makanan,11,-5.3974882394948045,105.26222909700499,hampir_kadaluarsa,False,False,True,True
D304,makanan,18,-5.380058812017673,105.28694377939988,tidak_layak_konsumsi,False,False,False,True
D305,makanan,16,-5.366284007262572,105.22926180016785,tidak_layak_konsumsi,False,False,False,True
D306,minuman,28,-5.376587372723801,105.25664829318633,layak_konsumsi,True,False,True,False
D307,makanan_minuman,9,-5.403203810919579,105.22764281416109,hampir_kadaluarsa,False,True,True,True
D308,makanan,45,-5.374430871090411,105.27612431807675,hampir_kadaluarsa,False,False,True,False
D309,minuman,36,-5.373694764238355,105.26029479466364,layak_konsumsi,True,False,True,False
D310,makanan_minuman,50,-5.374949395378221,105.28602857882508,tidak_layak_konsumsi,False,False,False,True
D311,minuman,19,-5.388004423045737,105.24660169661595,hampir_kadaluarsa,True,False,True,True
D312,minuman,10,-5.383564798865678,105.2345438698771,layak_konsumsi,True,False,True,False
D313,makanan,48,-5.38288412975182,105.27058767240355,hampir_kadaluarsa,False,True,True,True
D314,minuman,14,-5.369623964827895,105.28551613985108,hampir_kadaluarsa,False,False,False,True
D315,makanan,3,-5.3821030713082605,105.24050391300413,hampir_kadaluarsa,False,True,False,False
D316,makanan,25,-5.365636447438596,105.25978957204804,layak_konsumsi,False,False,True,True
D317,makanan,47,-5.388537929362823,105.279134601005,layak_konsumsi,False,True,False,False
D318,makanan,40,-5.365471062423851,105.28868633068117,tidak_layak_konsumsi,False,False,False,True
D319,makanan_minuman,33,-5.374689607436319,105.26959940561164,layak_konsumsi,True,True,True,False
D320,minuman,13,-5.3734613778314415,105.25030381216983,layak_konsumsi,True,True,True,False
D321,minuman,32,-5.404818552565566,105.22984617980941,hampir_kadaluarsa,True,True,False,False
D322,makanan,8,-5.373721738348137,105.24147303459937,tidak_layak_konsumsi,False,False,False,True
D323,minuman,29,-5.397564340170009,105.2893860070545,hampir_kadaluarsa,False,True,True,True
D324,makanan,14,-5.367223287246892,105.25894387562266,tidak_layak_konsumsi,False,False,False,True
D325,makanan,27,-5.402723720456697,105.27122353747313,hampir_kadaluarsa,True,False,False,False
D326,makanan_minuman,10,-5.381605574018544,105.26897535603443,tidak_layak_konsumsi,False,False,False,True
D327,makanan,33,-5.370880325293945,105.22890322938788,layak_konsumsi,True,False,True,True
D328,minuman,4,-5.40237687821041,105.24652082366052,tidak_layak_konsumsi,False,False,False,True
D329,makanan,20,-5.367395300120417,105.28945271208478,hampir_kadaluarsa,True,True,True,True
D330,minuman,49,-5.372594691250065,105.27036496949908,hampir_kadaluarsa,True,False,True,True
D331,makanan,23,-5.3702077160492845,105.27841228798187,tidak_layak_konsumsi,False,False,False,True
D332,minuman,2,-5.404173995351485,105.22960637414747,layak_konsumsi,False,True,True,True
D333,makanan,41,-5.386968918820968,105.26908149428674,hampir_kadaluarsa,True,True,True,True
D334,minuman,3,-5.396763441041035,105.27130470236203,layak_konsumsi,True,False,False,True
D335,makanan,15,-5.366682750702973,105.28452737374236,tidak_layak_konsumsi,False,False,False,True
D336,minuman,8,-5.392511766673849,105.26014497968664,tidak_layak_konsumsi,False,False,False,True
D337,makanan,8,-5.378957754518042,105.28801009686508,tidak_layak_konsumsi,False,False,False,True
D338,minuman,9,-5.397651815846231,105.2556063865647,tidak_layak_konsumsi,False,False,False,True
D339,makanan_minuman,8,-5.388435880954601,105.26131768911108,hampir_kadaluarsa,False,False,False,False
D340,makanan_minuman,41,-5.382997645148386,105.27860313279479,layak_konsumsi,True,False,False,True
D341,makanan_minuman,10,-5.371568810756562,105.23439089091768,hampir_kadaluarsa,False,False,False,True
D342,makanan_minuman,18,-5.3865672544884955,105.23412988698274,tidak_layak_konsumsi,False,False,False,True
D343,minuman,33,-5.392360429178613,105.28076263566562,hampir_kadaluarsa,False,True,True,True
D344,makanan_minuman,28,-5.373258518407308,105.26990403957097,hampir_kadaluarsa,False,False,True,True
D345,makanan,34,-5.399544218394744,105.23577630129832,hampir_kadaluarsa,True,True,False,True
D346,makanan_minuman,13,-5.377034155348855,105.24455862610178,hampir_kadaluarsa,True,False,False,False
D347,minuman,23,-5.377857018368622,105.22659940691062,tidak_layak_konsumsi,False,False,False,True
D348,makanan_minuman,28,-5.383696455079109,105.24046337572821,hampir_kadaluarsa,False,False,False,False
D349,minuman,17,-5.389268453293481,105.24717630460685,layak_konsumsi,False,False,True,False
D350,minuman,49,-5.403441998408579,105.24260657527294,tidak_layak_konsumsi,False,False,False,True
D351,makanan_minuman,41,-5.372558843698863,105.23209089739672,hampir_kadaluarsa,True,True,False,True
D352,minuman,3,-5.3951584730539,105.28635751811888,tidak_layak_konsumsi,False,False,False,True
D353,makanan,26,-5.402836487534589,105.26414160861175,layak_konsumsi,True,False,False,True
D354,makanan_minuman,14,-5.368022180014114,105.26279033810034,tidak_layak_konsumsi,False,False,False,True
D355,makanan,45,-5.379343406671525,105.25734062489161,hampir_kadaluarsa,True,False,True,False
D356,minuman,7,-5.39867879520256,105.23903008954055,hampir_kadaluarsa,True,False,True,True
D357,makanan,48,-5.385070573946054,105.24814622327524,tidak_layak_konsumsi,False,False,False,True
D358,makanan,15,-5.370635127176662,105.2373820620667,tidak_layak_konsumsi,False,False,False,True
D359,makanan_minuman,47,-5.405750685328794,105.27014338225396,tidak_layak_konsumsi,False,False,False,True
D360,minuman,42,-5.37042258207648,105.24884556220377,tidak_layak_konsumsi,False,False,False,True
D361,minuman,24,-5.405218876348056,105.23785441015161,layak_konsumsi,False,True,False,False
D362,makanan,29,-5.400628344086773,105.25256241471344,tidak_layak_konsumsi,False,False,False,True
D363,makanan,47,-5.4033752487217965,105.26965674070856,layak_konsumsi,True,False,False,False
D364,minuman,8,-5.402422932074204,105.23520987358303,tidak_layak_konsumsi,False,False,False,True
D365,minuman,42,-5.373002786233343,105.27124573573016,tidak_layak_konsumsi,False,False,False,True
D366,makanan,19,-5.402591702160173,105.2531996765001,tidak_layak_konsumsi,False,False,False,True
D367,makanan,31,-5.402343669042707,105.23716424927467,hampir_kadaluarsa,True,False,False,False
D368,makanan,10,-5.376294172469662,105.2294076384518,tidak_layak_konsumsi,False,False,False,True
D369,makanan_minuman,3,-5.400019179377386,105.23980802785366,hampir_kadaluarsa,False,False,True,False
D370,minuman,19,-5.365901310458649,105.25256185197817,tidak_layak_konsumsi,False,False,False,True
D371,minuman,48,-5.404615154578533,105.28721829916984,hampir_kadaluarsa,False,True,True,True
D372,minuman,41,-5.387824258644494,105.25405443982736,hampir_kadaluarsa,True,True,False,False
D373,makanan_minuman,31,-5.395421105832133,105.25290882546477,hampir_kadaluarsa,False,True,False,True
D374,minuman,39,-5.36626031835033,105.23177678778558,layak_konsumsi,True,True,False,False
D375,minuman,7,-5.400835811621917,105.22771967482483,layak_konsumsi,False,False,True,False
D376,makanan_minuman,29,-5.394099396659478,105.2560690860332,tidak_layak_konsumsi,False,False,False,True
D377,minuman,43,-5.403310594324505,105.24261321093208,hampir_kadaluarsa,True,True,False,True
D378,minuman,32,-5.3982743371781385,105.25759505831968,layak_konsumsi,True,True,False,True
D379,makanan,41,-5.373499003708257,105.24032021189957,layak_konsumsi,False,False,False,False
D380,minuman,6,-5.402122617152437,105.27638528141168,hampir_kadaluarsa,True,True,True,True
D381,makanan_minuman,25,-5.399302673911819,105.22655111533632,tidak_layak_konsumsi,False,False,False,True
D382,makanan_minuman,34,-5.381030410113013,105.28050417882254,hampir_kadaluarsa,True,False,False,False
D383,makanan_minuman,19,-5.386469789624864,105.22593726628642,hampir_kadaluarsa,False,True,False,False
D384,minuman,35,-5.3977946510463735,105.2647034517252,layak_konsumsi,True,True,True,True
D385,makanan,35,-5.399126077705439,105.23278545310401,hampir_kadaluarsa,False,False,True,False
D386,makanan,3,-5.387927544936663,105.25836315582083,layak_konsumsi,True,False,True,True
D387,makanan,23,-5.380077026509458,105.25652540882965,tidak_layak_konsumsi,False,False,False,True
D388,minuman,49,-5.381712268328528,105.280890070011,tidak_layak_konsumsi,False,False,False,True
D389,minuman,27,-5.366320143463634,105.23238939880842,layak_konsumsi,False,True,True,False
D390,minuman,9,-5.405202008358673,105.25430279409584,hampir_kadaluarsa,True,True,True,False
D391,minuman,13,-5.401582494628129,105.2408006444126,tidak_layak_konsumsi,False,False,False,True
D392,makanan_minuman,50,-5.379119962370245,105.23746216832848,hampir_kadaluarsa,False,True,False,True
D393,makanan,19,-5.380327276082282,105.25032518075214,tidak_layak_konsumsi,False,False,False,True
D394,makanan,38,-5.377659877369467,105.27577073136945,tidak_layak_konsumsi,False,False,False,True
D395,makanan_minuman,26,-5.370200814988768,105.27321866534857,layak_konsumsi,True,False,False,False
D396,minuman,25,-5.388681623442868,105.27746330586892,layak_konsumsi,False,False,True,False
D397,makanan,42,-5.377430929690305,105.25366543611646,tidak_layak_konsumsi,False,False,False,True
D398,makanan,7,-5.402098655935943,105.26996875399848,hampir_kadaluarsa,True,True,True,True
D399,makanan_minuman,38,-5.39115941872395,105.26550932175427,tidak_layak_konsumsi,False,False,False,True
D400,minuman,4,-5.377506883664163,105.25379571214906,tidak_layak_konsumsi,False,False,False,True
D401,minuman,41,-5.398873350287558,105.28487055586231,tidak_layak_konsumsi,False,False,False,True
D402,makanan_minuman,20,-5.394018126947423,105.24798855335276,hampir_kadaluarsa,False,True,False,True
D403,makanan,4,-5.379591979243895,105.2407351528323,tidak_layak_konsumsi,False,False,False,True
D404,makanan,1,-5.395132085591106,105.24890797103761,layak_konsumsi,False,True,True,True
D405,makanan_minuman,20,-5.382227374887586,105.24912839880534,layak_konsumsi,True,True,True,True
D406,makanan,42,-5.40232685724501,105.26420059496915,hampir_kadaluarsa,True,False,False,False
D407,minuman,33,-5.380248161664084,105.2370328390696,layak_konsumsi,False,True,True,True
D408,makanan_minuman,42,-5.365659211024399,105.28196516573514,hampir_kadaluarsa,True,True,True,False
D409,minuman,42,-5.3820262308285,105.24534152441444,tidak_layak_konsumsi,False,False,False,True
D410,minuman,32,-5.385297661202052,105.28053195188453,tidak_layak_konsumsi,False,False,False,True
D411,makanan,12,-5.3773811207761755,105.26098205374646,tidak_layak_konsumsi,False,False,False,True
D412,makanan,42,-5.384547243044766,105.26109098749777,layak_konsumsi,True,True,True,True
D413,makanan,29,-5.393112278404724,105.22628196730702,layak_konsumsi,False,True,True,True
D414,makanan_minuman,11,-5.392467583241508,105.2883587135052,hampir_kadaluarsa,True,False,False,True
D415,minuman,29,-5.366093096786966,105.22823635485541,tidak_layak_konsumsi,False,False,False,True
D416,makanan_minuman,43,-5.389059809657897,105.24162696543533,tidak_layak_konsumsi,False,False,False,True
D417,makanan,45,-5.389961136299926,105.26510565649251,hampir_kadaluarsa,True,False,False,False
D418,minuman,14,-5.383450966857801,105.28052969251526,layak_konsumsi,False,True,True,True
D419,makanan,27,-5.3672657659439835,105.25034192516401,layak_konsumsi,False,False,True,False
D420,makanan_minuman,16,-5.395861816200039,105.2886896152015,layak_konsumsi,True,True,True,True
D421,makanan_minuman,45,-5.370017093564206,105.25024189299141,tidak_layak_konsumsi,False,False,False,True
D422,minuman,40,-5.378695183497269,105.23231197981069,tidak_layak_konsumsi,False,False,False,True
D423,makanan,47,-5.393850464285954,105.27385163004,hampir_kadaluarsa,True,True,False,False
D424,makanan,7,-5.366887270966222,105.28927800696408,tidak_layak_konsumsi,False,False,False,True
D425,minuman,9,-5.403189739130261,105.28819285230165,hampir_kadaluarsa,False,False,True,True
D426,makanan_minuman,29,-5.367165778825275,105.26584770276406,tidak_layak_konsumsi,False,False,False,True
D427,makanan_minuman,2,-5.373045524695115,105.23996705594924,layak_konsumsi,False,True,False,False
D428,makanan_minuman,28,-5.376943293564007,105.26065412589088,tidak_layak_konsumsi,False,False,False,True
D429,minuman,31,-5.384823697358958,105.26145278427558,hampir_kadaluarsa,False,False,False,False
D430,makanan,30,-5.36555801451925,105.23112315085761,layak_konsumsi,False,False,False,False
D431,minuman,33,-5.377964111762887,105.284091355193,tidak_layak_konsumsi,False,False,False,True
D432,makanan_minuman,37,-5.387957989082649,105.2626435331811,hampir_kadaluarsa,True,False,True,True
D433,makanan_minuman,47,-5.388389238950429,105.27500099817186,layak_konsumsi,False,True,True,False
D434,makanan_minuman,19,-5.39037337949695,105.28252970952444,tidak_layak_konsumsi,False,False,False,True
D435,makanan,26,-5.384601992680433,105.2703444606613,hampir_kadaluarsa,True,True,False,False
D436,minuman,5,-5.396452379085902,105.24532657154056,hampir_kadaluarsa,False,False,False,False
D437,makanan_minuman,36,-5.39121490159177,105.2495583044111,hampir_kadaluarsa,False,False,True,False
D438,minuman,8,-5.382261064378257,105.26374867596286,hampir_kadaluarsa,False,False,False,False
D439,makanan,50,-5.398674563163728,105.29000817046,tidak_layak_konsumsi,False,False,False,True
D440,makanan_minuman,19,-5.376078557166338,105.2446274073308,layak_konsumsi,False,False,True,True
D441,makanan,35,-5.392105083240804,105.25149076134707,layak_konsumsi,True,True,True,False
D442,makanan,3,-5.374833140704837,105.27545235256821,layak_konsumsi,True,True,True,True
D443,minuman,18,-5.391687329598131,105.24110243342085,hampir_kadaluarsa,False,False,False,True
D444,minuman,35,-5.375482626835549,105.26158005910337,tidak_layak_konsumsi,False,False,False,True
D445,minuman,46,-5.377072112961185,105.23399544142077,layak_konsumsi,True,True,False,False
D446,minuman,1,-5.369791496744038,105.26462743465537,layak_konsumsi,True,True,False,True
D447,makanan,1,-5.389907530136868,105.2355634110588,hampir_kadaluarsa,True,True,True,False
D448,makanan,32,-5.367771680514794,105.26312622060664,hampir_kadaluarsa,True,False,True,False
D449,makanan,41,-5.379823584249406,105.23992210039393,hampir_kadaluarsa,False,True,False,True
D450,minuman,18,-5.379289380399916,105.2866058185316,hampir_kadaluarsa,False,False,False,True
D451,minuman,31,-5.372113748933724,105.28187341495273,layak_konsumsi,True,False,False,False
D452,makanan_minuman,30,-5.381215520837122,105.23134792341268,hampir_kadaluarsa,False,True,False,True
D453,makanan,27,-5.373378593739993,105.2469252887449,layak_konsumsi,True,False,False,False
D454,makanan_minuman,28,-5.405141527553823,105.22709553447778,tidak_layak_konsumsi,False,False,False,True
D455,makanan_minuman,28,-5.380148675924257,105.27551387792462,tidak_layak_konsumsi,False,False,False,True
D456,makanan,17,-5.394553085607457,105.24844305601444,tidak_layak_konsumsi,False,False,False,True
D457,makanan,27,-5.375130992820447,105.2582698512182,layak_konsumsi,True,True,False,True
D458,minuman,39,-5.391801100950983,105.23001142181597,layak_konsumsi,False,True,True,False
D459,makanan_minuman,17,-5.3947982557706755,105.27009478904506,layak_konsumsi,True,True,False,False
D460,minuman,12,-5.3957611042208455,105.27192365349539,tidak_layak_konsumsi,False,False,False,True
D461,makanan_minuman,30,-5.381653418403551,105.27026207387823,layak_konsumsi,True,True,True,True
D462,makanan_minuman,6,-5.3662480158652235,105.27297242248396,tidak_layak_konsumsi,False,False,False,True
D463,minuman,21,-5.40512727128629,105.27460584292639,tidak_layak_konsumsi,False,False,False,True
D464,makanan,35,-5.397267784543742,105.23542094939268,layak_konsumsi,False,False,True,False
D465,minuman,21,-5.380915590053499,105.24148268794455,tidak_layak_konsumsi,False,False,False,True
D466,minuman,33,-5.393121187368186,105.24527206943249,layak_konsumsi,True,True,True,True
D467,makanan,31,-5.368469964828452,105.27180669602669,hampir_kadaluarsa,False,False,True,True
D468,minuman,26,-5.380462530741683,105.23446444997899,layak_konsumsi,False,True,False,True
D469,minuman,43,-5.383332662907915,105.28168267328203,layak_konsumsi,False,True,True,True
D470,makanan_minuman,37,-5.383341254396167,105.26867502053416,hampir_kadaluarsa,True,False,False,True
D471,makanan_minuman,33,-5.40015385958875,105.27089464912812,hampir_kadaluarsa,True,True,False,True
D472,makanan,17,-5.371554055783198,105.27833099071046,tidak_layak_konsumsi,False,False,False,True
D473,makanan_minuman,3,-5.381678203164723,105.28303062900513,hampir_kadaluarsa,True,True,False,True
D474,makanan,27,-5.368180974234041,105.2650206000418,tidak_layak_konsumsi,False,False,False,True
D475,makanan,2,-5.399564680609846,105.23634456727277,hampir_kadaluarsa,True,False,True,False
D476,minuman,7,-5.396149483012151,105.26740439775116,tidak_layak_konsumsi,False,False,False,True
D477,makanan_minuman,3,-5.4038303091230375,105.2701560685904,layak_konsumsi,False,False,True,False
D478,makanan_minuman,8,-5.390335361054707,105.25388893354372,tidak_layak_konsumsi,False,False,False,True
D479,minuman,32,-5.3841518100330035,105.23925101156503,hampir_kadaluarsa,True,True,False,False
D480,minuman,33,-5.386015226055459,105.27469422482542,layak_konsumsi,False,True,False,True
D481,makanan_minuman,39,-5.3669776473260065,105.2630149345564,tidak_layak_konsumsi,False,False,False,True
D482,makanan,45,-5.381536564095392,105.22732861568728,tidak_layak_konsumsi,False,False,False,True
D483,makanan_minuman,3,-5.3832077973312495,105.282202881766,hampir_kadaluarsa,False,False,True,False
D484,makanan_minuman,36,-5.386978419849504,105.24208869155177,tidak_layak_konsumsi,False,False,False,True
D485,makanan_minuman,45,-5.386552266890901,105.23112589205769,tidak_layak_konsumsi,False,False,False,True
D486,makanan_minuman,34,-5.382029531256468,105.24071965352947,tidak_layak_konsumsi,False,False,False,True
D487,minuman,17,-5.38318487482274,105.28999618110468,hampir_kadaluarsa,True,False,False,True
D488,minuman,1,-5.398244623775978,105.28883139247453,tidak_layak_konsumsi,False,False,False,True
D489,makanan,42,-5.386193450813555,105.24003208043833,tidak_layak_konsumsi,False,False,False,True
D490,minuman,35,-5.391348973227394,105.22769373512223,tidak_layak_konsumsi,False,False,False,True
D491,minuman,37,-5.393180026930397,105.24375439381465,hampir_kadaluarsa,True,False,False,True
D492,minuman,31,-5.4012724813031365,105.2329098322436,tidak_layak_konsumsi,False,False,False,True
D493,minuman,32,-5.380984556751868,105.25759962764452,tidak_layak_konsumsi,False,False,False,True
D494,makanan,16,-5.37545445417052,105.26205685429483,tidak_layak_konsumsi,False,False,False,True
D495,makanan,25,-5.370626289497646,105.25512089263665,layak_konsumsi,False,True,False,False
D496,makanan,35,-5.3877230136757,105.27367005472966,tidak_layak_konsumsi,False,False,False,True
D497,minuman,18,-5.370331183156405,105.28629354941008,layak_konsumsi,True,True,False,True
D498,minuman,43,-5.373600059586315,105.24603588159657,hampir_kadaluarsa,False,False,True,False
D499,minuman,23,-5.394792507010743,105.24358021251409,layak_konsumsi,False,False,False,False
D500,makanan,31,-5.390940296727828,105.28344886611077,hampir_kadaluarsa,True,True,True,True
